movie_id,title,original_title,countries,year_release,runtime
1062722,Frankenstein,Frankenstein,us,2025,150
1054867,One Battle After Another,One Battle After Another,us,2025,162
1311031,Demon Slayer: Kimetsu no Yaiba Infinity Castle,劇場版「鬼滅の刃」無限城編 第一章 猗窩座再来,jp,2025,156
617126,The Fantastic 4: First Steps,The Fantastic 4: First Steps,us,2025,115
803796,KPop Demon Hunters,KPop Demon Hunters,us,2025,96
297802,Aquaman,Aquaman,us,2018,143
559969,El Camino: A Breaking Bad Movie,El Camino: A Breaking Bad Movie,us,2019,123
575265,Mission: Impossible - The Final Reckoning,Mission: Impossible - The Final Reckoning,us,2025,170
1284120,The Ugly Stepsister,Den stygge stesøsteren,dk,2025,109
1038392,The Conjuring: Last Rites,The Conjuring: Last Rites,us,2025,136
1061474,Superman,Superman,us,2025,130
1156594,Our Fault,Culpa nuestra,es,2025,112
911430,F1,F1,us,2025,156
402431,Wicked,Wicked,us,2024,162
604079,The Long Walk,The Long Walk,us,2025,108
1087192,How to Train Your Dragon,How to Train Your Dragon,us,2025,125
1078605,Weapons,Weapons,us,2025,129
1010581,My Fault,Culpa mía,es,2023,117
1007734,Nobody 2,Nobody 2,us,2025,89
1175942,The Bad Guys 2,The Bad Guys 2,us,2025,104
1035259,The Naked Gun,The Naked Gun,us,2025,85
552524,Lilo & Stitch,Lilo & Stitch,us,2025,108
756999,The Black Phone,The Black Phone,us,2022,103
1376434,Predator: Killer of Killers,Predator: Killer of Killers,us,2025,85
541671,Ballerina,Ballerina,us,2025,125
574475,Final Destination Bloodlines,Final Destination Bloodlines,us,2025,110
474350,It Chapter Two,It Chapter Two,us,2019,169
766507,Prey,Prey,us,2022,100
1241982,Moana 2,Moana 2,ca,2024,100
354912,Coco,Coco,us,2017,105
1022789,Inside Out 2,Inside Out 2,us,2024,97
1197306,A Working Man,A Working Man,gb,2025,116
533535,Deadpool & Wolverine,Deadpool & Wolverine,us,2024,128
1071585,M3GAN 2.0,M3GAN 2.0,us,2025,120
950396,The Gorge,The Gorge,us,2025,128
1022787,Elio,Elio,us,2025,98
76600,Avatar: The Way of Water,Avatar: The Way of Water,us,2022,192
346364,It,It,us,2017,135
299536,Avengers: Infinity War,Avengers: Infinity War,us,2018,149
502356,The Super Mario Bros. Movie,The Super Mario Bros. Movie,jp,2023,93
1245993,Caught Stealing,Caught Stealing,us,2025,107
939243,Sonic the Hedgehog 3,Sonic the Hedgehog 3,us,2024,110
615453,Ne Zha,哪吒之魔童降世,cn,2019,110
1233413,Sinners,Sinners,us,2025,138
1151031,Bring Her Back,Bring Her Back,au,2025,104
1156593,Your Fault,Culpa tuya,es,2024,118
1184918,The Wild Robot,The Wild Robot,us,2024,102
933260,The Substance,The Substance,fr,2024,141
519182,Despicable Me 4,Despicable Me 4,us,2024,94
1011477,Karate Kid: Legends,Karate Kid: Legends,us,2025,94
986056,Thunderbolts*,Thunderbolts*,us,2025,127
1242011,Together,Together,au,2025,102
497582,Enola Holmes,Enola Holmes,us,2020,123
945961,Alien: Romulus,Alien: Romulus,us,2024,119
1034541,Terrifier 3,Terrifier 3,us,2024,125
912649,Venom: The Last Dance,Venom: The Last Dance,us,2024,109
496243,Parasite,기생충,kr,2019,133
845781,Red One,Red One,us,2024,124
569094,Spider-Man: Across the Spider-Verse,Spider-Man: Across the Spider-Verse,us,2023,140
762509,Mufasa: The Lion King,Mufasa: The Lion King,us,2024,118
324857,Spider-Man: Into the Spider-Verse,Spider-Man: Into the Spider-Verse,us,2018,117
872585,Oppenheimer,Oppenheimer,gb,2023,181
385687,Fast X,Fast X,us,2023,142
507089,Five Nights at Freddy's,Five Nights at Freddy's,us,2023,110
698687,Transformers One,Transformers One,us,2024,104
866398,The Beekeeper,The Beekeeper,gb,2024,106
260513,Incredibles 2,Incredibles 2,us,2018,118
823219,Flow,Straume,lv,2024,85
438631,Dune,Dune,us,2021,155
361743,Top Gun: Maverick,Top Gun: Maverick,us,2022,131
749170,Heads of State,Heads of State,us,2025,117
1233069,Exterritorial,Exterritorial,de,2025,109
346698,Barbie,Barbie,gb,2023,114
634649,Spider-Man: No Way Home,Spider-Man: No Way Home,us,2021,148
508947,Turning Red,Turning Red,us,2022,100
696506,Mickey 17,Mickey 17,us,2025,137
1011985,Kung Fu Panda 4,Kung Fu Panda 4,us,2024,94
1138194,Heretic,Heretic,us,2024,111
693134,Dune: Part Two,Dune: Part Two,us,2024,167
1100988,28 Years Later,28 Years Later,gb,2025,115
1100988,28 Years Later,28 Years Later,gb,2025,115
1084199,Companion,Companion,us,2025,97
792307,Poor Things,Poor Things,ie,2023,141
1087891,The Amateur,The Amateur,us,2025,123
840326,Sisu,Sisu,fi,2022,91
414906,The Batman,The Batman,us,2022,177
823464,Godzilla x Kong: The New Empire,Godzilla x Kong: The New Empire,us,2024,115
260514,Cars 3,Cars 3,us,2017,102
568091,Fractured,Fractured,us,2019,101
360920,The Grinch,The Grinch,us,2018,85
588228,The Tomorrow War,The Tomorrow War,us,2021,138
974576,Conclave,Conclave,gb,2024,120
1064213,Anora,Anora,us,2024,139
1356039,Counterattack,Contraataque,mx,2025,85
315635,Spider-Man: Homecoming,Spider-Man: Homecoming,us,2017,133
603692,John Wick: Chapter 4,John Wick: Chapter 4,de,2023,170
1029575,The Family Plan,The Family Plan,us,2023,118
821881,The Swimmers,The Swimmers,de,2022,134
635302,Demon Slayer -Kimetsu no Yaiba- The Movie: Mugen Train,劇場版「鬼滅の刃」無限列車編,jp,2020,117
976573,Elemental,Elemental,us,2023,102
1426776,STRAW,STRAW,us,2025,105
843527,The Idea of You,The Idea of You,us,2024,116
658760,Isi & Ossi,Isi & Ossi,de,2020,113
315162,Puss in Boots: The Last Wish,Puss in Boots: The Last Wish,us,2022,103
299534,Avengers: Endgame,Avengers: Endgame,us,2019,181
335984,Blade Runner 2049,Blade Runner 2049,ca,2017,164
615457,Nobody,Nobody,us,2021,91
807196,Boiling Point,Boiling Point,gb,2021,95
447365,Guardians of the Galaxy Vol. 3,Guardians of the Galaxy Vol. 3,us,2023,150
1241436,Warfare,Warfare,gb,2025,95
573435,Bad Boys: Ride or Die,Bad Boys: Ride or Die,us,2024,115
475557,Joker,Joker,ca,2019,122
760104,X,X,us,2022,106
786892,Furiosa: A Mad Max Saga,Furiosa: A Mad Max Saga,au,2024,149
568124,Encanto,Encanto,us,2021,102
870028,The Accountant²,The Accountant²,us,2025,133
575264,Mission: Impossible - Dead Reckoning Part One,Mission: Impossible - Dead Reckoning Part One,us,2023,164
558449,Gladiator II,Gladiator II,us,2024,148
436969,The Suicide Squad,The Suicide Squad,us,2021,132
937287,Challengers,Challengers,it,2024,132
359410,Road House,Road House,us,2024,121
639720,IF,IF,us,2024,104
399404,Darkest Hour,Darkest Hour,gb,2017,125
1216191,Oddity,Oddity,ie,2024,98
297762,Wonder Woman,Wonder Woman,us,2017,141
653346,Kingdom of the Planet of the Apes,Kingdom of the Planet of the Apes,us,2024,145
550988,Free Guy,Free Guy,us,2021,115
429617,Spider-Man: Far From Home,Spider-Man: Far From Home,us,2019,129
976893,Perfect Days,PERFECT DAYS,de,2023,124
698508,Redeeming Love,Redeeming Love,za,2022,134
166426,Pirates of the Caribbean: Dead Men Tell No Tales,Pirates of the Caribbean: Dead Men Tell No Tales,us,2017,129
423108,The Conjuring: The Devil Made Me Do It,The Conjuring: The Devil Made Me Do It,us,2021,111
453395,Doctor Strange in the Multiverse of Madness,Doctor Strange in the Multiverse of Madness,us,2022,126
949423,Pearl,Pearl,us,2022,102
507086,Jurassic World Dominion,Jurassic World Dominion,us,2022,147
508442,Soul,Soul,us,2020,101
667538,Transformers: Rise of the Beasts,Transformers: Rise of the Beasts,us,2023,127
930094,"Red, White & Royal Blue","Red, White & Royal Blue",us,2023,121
545611,Everything Everywhere All at Once,Everything Everywhere All at Once,us,2022,140
940551,Migration,Migration,us,2023,83
717930,Kandahar,Kandahar,ae,2023,119
776503,CODA,CODA,fr,2021,112
1072790,Anyone But You,Anyone But You,us,2023,103
838209,Exhuma,파묘,kr,2024,134
718930,Bullet Train,Bullet Train,us,2022,126
536554,M3GAN,M3GAN,us,2022,102
748783,The Garfield Movie,The Garfield Movie,hk,2024,101
504949,The King,The King,au,2019,140
549509,The Brutalist,The Brutalist,gb,2024,201
614934,Elvis,Elvis,au,2022,159
639933,The Northman,The Northman,us,2022,137
324552,John Wick: Chapter 2,John Wick: Chapter 2,us,2017,122
645886,The Unforgivable,The Unforgivable,de,2021,112
298618,The Flash,The Flash,us,2023,144
663712,Terrifier 2,Terrifier 2,us,2022,138
1111873,Abigail,Abigail,us,2024,109
592834,My Spy,My Spy,us,2020,99
998022,The Teachers' Lounge,Das Lehrerzimmer,de,2023,98
451915,Beautiful Boy,Beautiful Boy,us,2018,119
579974,RRR,రౌద్రం రణం రుధిరం,in,2022,185
301528,Toy Story 4,Toy Story 4,us,2019,100
466272,Once Upon a Time... in Hollywood,Once Upon a Time... in Hollywood,cn,2019,162
926393,The Equalizer 3,The Equalizer 3,it,2023,109
1109255,Parthenope,Parthenope,fr,2024,137
884605,No Hard Feelings,No Hard Feelings,us,2023,104
619264,The Platform,El hoyo,es,2019,95
351286,Jurassic World: Fallen Kingdom,Jurassic World: Fallen Kingdom,us,2018,129
777443,The Electric State,The Electric State,us,2025,125
463858,The Freshmen,Première année,fr,2018,92
637649,Wrath of Man,Wrath of Man,gb,2021,119
577922,Tenet,Tenet,gb,2020,150
1084736,The Count of Monte Cristo,Le Comte de Monte-Cristo,fr,2024,178
1100782,Smile 2,Smile 2,us,2024,127
629542,The Bad Guys,The Bad Guys,us,2022,100
930564,Saltburn,Saltburn,gb,2023,131
593643,The Menu,The Menu,us,2022,107
645710,The Voyeurs,The Voyeurs,us,2021,117
585083,Hotel Transylvania: Transformania,Hotel Transylvania: Transformania,us,2022,92
321612,Beauty and the Beast,Beauty and the Beast,us,2017,129
940721,Godzilla Minus One,ゴジラ-1.0,jp,2023,124
537915,After,After,us,2019,106
718821,Twisters,Twisters,us,2024,123
1082195,The Order,The Order,gb,2024,116
800158,The Killer,The Killer,us,2023,118
459151,The Boss Baby: Family Business,The Boss Baby: Family Business,us,2021,107
556803,The Princess Switch,The Princess Switch,us,2018,101
508943,Luca,Luca,us,2021,95
527435,The Christmas Chronicles,The Christmas Chronicles,us,2018,104
717980,Sharper,Sharper,us,2023,115
330457,Frozen II,Frozen II,us,2019,103
763215,Damsel,Damsel,es,2024,107
714888,Argentina 1985,Argentina 1985,ar,2022,141
787699,Wonka,Wonka,gb,2023,117
337167,Fifty Shades Freed,Fifty Shades Freed,us,2018,105
335983,Venom,Venom,cn,2018,112
713704,Evil Dead Rise,Evil Dead Rise,ie,2023,96
420809,Maleficent: Mistress of Evil,Maleficent: Mistress of Evil,us,2019,119
580489,Venom: Let There Be Carnage,Venom: Let There Be Carnage,us,2021,97
566525,Shang-Chi and the Legend of the Ten Rings,Shang-Chi and the Legend of the Ten Rings,us,2021,132
629542,The Bad Guys,The Bad Guys,us,2022,100
746036,The Fall Guy,The Fall Guy,us,2024,127
810693,Jujutsu Kaisen 0,劇場版 呪術廻戦 0,jp,2021,105
454227,Outlaw King,Outlaw King,gb,2018,122
420817,Aladdin,Aladdin,us,2019,127
677179,Creed III,Creed III,us,2023,116
546554,Knives Out,Knives Out,us,2019,131
284053,Thor: Ragnarok,Thor: Ragnarok,us,2017,131
615665,Holidate,Holidate,us,2020,104
417678,"Everything, Everything","Everything, Everything",us,2017,96
587807,Tom & Jerry,Tom & Jerry,us,2021,101
472734,Dumplin',Dumplin',us,2018,110
417320,Descendants 2,Descendants 2,us,2017,111
1226578,Longlegs,Longlegs,ca,2024,101
1029281,Strange Darling,Strange Darling,us,2024,98
818647,Through My Window,A través de mi ventana,es,2022,112
697843,Extraction 2,Extraction 2,us,2023,122
969492,Land of Bad,Land of Bad,us,2024,113
646385,Scream,Scream,us,2022,114
1118031,Apocalypse Z: The Beginning of the End,Apocalipsis Z: el principio del fin,es,2024,119
534490,Avengement,Avengement,gb,2019,88
1263256,Happy Gilmore 2,Happy Gilmore 2,us,2025,120
604685,Den of Thieves 2: Pantera,Den of Thieves 2: Pantera,ca,2025,131
453755,Arctic,Arctic,is,2018,98
458723,Us,Us,us,2019,116
614917,King Richard,King Richard,us,2021,144
166428,How to Train Your Dragon: The Hidden World,How to Train Your Dragon: The Hidden World,us,2019,104
823766,The Wonder,The Wonder,ie,2022,108
675353,Sonic the Hedgehog 2,Sonic the Hedgehog 2,jp,2022,123
851644,20th Century Girl,20세기 소녀,kr,2022,119
283995,Guardians of the Galaxy Vol. 2,Guardians of the Galaxy Vol. 2,us,2017,137
508439,Onward,Onward,us,2020,102
284054,Black Panther,Black Panther,us,2018,135
512200,Jumanji: The Next Level,Jumanji: The Next Level,us,2019,123
493529,Dungeons & Dragons: Honor Among Thieves,Dungeons & Dragons: Honor Among Thieves,ca,2023,134
672322,Rurouni Kenshin: The Beginning,るろうに剣心 最終章 The Beginning,jp,2021,138
842924,The Life of Chuck,The Life of Chuck,us,2025,111
333339,Ready Player One,Ready Player One,us,2018,140
739993,Metal Lords,Metal Lords,us,2022,97
572802,Aquaman and the Lost Kingdom,Aquaman and the Lost Kingdom,us,2023,124
585216,Escape Room: Tournament of Champions,Escape Room: Tournament of Champions,us,2021,88
838240,Robot Dreams,Robot Dreams,fr,2023,102
791373,Zack Snyder's Justice League,Zack Snyder's Justice League,us,2021,242
516486,Greyhound,Greyhound,ca,2020,92
454626,Sonic the Hedgehog,Sonic the Hedgehog,jp,2020,99
762430,Retribution,Retribution,fr,2023,91
634528,The Marksman,The Marksman,us,2021,108
913290,Barbarian,Barbarian,us,2022,102
934433,Scream VI,Scream VI,us,2023,123
505642,Black Panther: Wakanda Forever,Black Panther: Wakanda Forever,us,2022,162
604578,Spontaneous,Spontaneous,us,2020,102
1137350,The Phoenician Scheme,The Phoenician Scheme,us,2025,102
583689,Moxie,Moxie,us,2021,111
458594,Peppermint,Peppermint,cn,2018,102
985939,Fall,Fall,us,2022,107
724209,Heart of Stone,Heart of Stone,us,2023,122
503125,Little Monsters,Little Monsters,us,2019,94
370172,No Time to Die,No Time to Die,gb,2021,163
441130,Wolfwalkers,Wolfwalkers,fr,2020,102
508883,The Boy and the Heron,君たちはどう生きるか,jp,2023,124
451048,Jungle Cruise,Jungle Cruise,us,2021,127
400090,The Nightingale,The Nightingale,au,2018,136
929590,Civil War,Civil War,fi,2024,109
823951,November,Novembre,be,2022,105
937278,A Man Called Otto,A Man Called Otto,se,2022,126
454983,The Kissing Booth,The Kissing Booth,gb,2018,105
882598,Smile,Smile,us,2022,115
968051,The Nun II,The Nun II,us,2023,110
901362,Trolls Band Together,Trolls Band Together,us,2023,91
419430,Get Out,Get Out,us,2017,104
490132,Green Book,Green Book,us,2018,130
1022690,Ricky Stanicky,Ricky Stanicky,au,2024,112
400535,Sicario: Day of the Soldado,Sicario: Day of the Soldado,mx,2018,122
980489,Gran Turismo,Gran Turismo,us,2023,135
1016121,Beautiful Disaster,Beautiful Disaster,us,2023,96
929204,Wallace & Gromit: Vengeance Most Fowl,Wallace & Gromit: Vengeance Most Fowl,gb,2024,79
1182047,The Apprentice,The Apprentice,us,2024,122
497698,Black Widow,Black Widow,us,2021,134
1195506,Novocaine,Novocaine,us,2025,110
744653,The Thursday Murder Club,The Thursday Murder Club,us,2025,118
467938,Revenge,Revenge,be,2018,109
1005331,Carry-On,Carry-On,us,2024,120
420818,The Lion King,The Lion King,us,2019,118
417670,Loro 1,Loro 1,fr,2018,104
801335,Girl in the Basement,Girl in the Basement,us,2021,88
868759,Ghosted,Ghosted,us,2023,117
337404,Cruella,Cruella,us,2021,134
602063,Rurouni Kenshin: The Final,るろうに剣心 最終章 The Final,jp,2021,138
417261,Forever My Girl,Forever My Girl,us,2018,104
948713,The Last Kingdom: Seven Kings Must Die,The Last Kingdom: Seven Kings Must Die,gb,2023,111
384018,Fast & Furious Presents: Hobbs & Shaw,Fast & Furious Presents: Hobbs & Shaw,us,2019,137
263115,Logan,Logan,us,2017,137
399055,The Shape of Water,The Shape of Water,us,2017,123
1114513,Speak No Evil,Speak No Evil,us,2024,110
986280,Fallen Leaves,Kuolleet lehdet,fi,2023,81
383498,Deadpool 2,Deadpool 2,us,2018,120
597891,Kate,Kate,us,2021,106
522681,Escape Room,Escape Room,us,2019,99
458156,John Wick: Chapter 3 - Parabellum,John Wick: Chapter 3 - Parabellum,us,2019,131
359724,Ford v Ferrari,Ford v Ferrari,us,2019,153
670292,The Creator,The Creator,ca,2023,134
530385,Midsommar,Midsommar,se,2019,147
522627,The Gentlemen,The Gentlemen,gb,2020,113
839033,The Lord of the Rings: The War of the Rohirrim,The Lord of the Rings: The War of the Rohirrim,jp,2024,134
402900,Ocean's Eight,Ocean's Eight,us,2018,111
899112,Violent Night,Violent Night,ca,2022,111
581528,"The Gangster, the Cop, the Devil",악인전,kr,2019,110
799583,The Ministry of Ungentlemanly Warfare,The Ministry of Ungentlemanly Warfare,gb,2024,120
736526,Troll,Troll,no,2022,104
512195,Red Notice,Red Notice,us,2021,118
581726,Infinite,Infinite,us,2021,106
339403,Baby Driver,Baby Driver,gb,2017,113
818397,Memory,Memory,us,2022,114
337339,The Fate of the Furious,The Fate of the Furious,us,2017,136
762504,Nope,Nope,us,2022,130
516729,Paddington in Peru,Paddington in Peru,gb,2024,106
49046,All Quiet on the Western Front,Im Westen nichts Neues,de,2022,147
373571,Godzilla: King of the Monsters,Godzilla: King of the Monsters,cn,2019,132
666277,Past Lives,Past Lives,us,2023,106
917496,Beetlejuice Beetlejuice,Beetlejuice Beetlejuice,us,2024,105
374720,Dunkirk,Dunkirk,gb,2017,107
965150,Aftersun,Aftersun,gb,2022,101
581600,Spenser Confidential,Spenser Confidential,us,2020,110
447332,A Quiet Place,A Quiet Place,us,2018,91
530915,1917,1917,in,2019,119
762441,A Quiet Place: Day One,A Quiet Place: Day One,us,2024,100
567797,The Dry,The Dry,au,2021,117
473033,Uncut Gems,Uncut Gems,us,2019,136
345887,The Equalizer 2,The Equalizer 2,us,2018,121
882569,Guy Ritchie's The Covenant,Guy Ritchie's The Covenant,gb,2023,123
466420,Killers of the Flower Moon,Killers of the Flower Moon,us,2023,206
555604,Guillermo del Toro's Pinocchio,Guillermo del Toro's Pinocchio,us,2022,117
181808,Star Wars: The Last Jedi,Star Wars: The Last Jedi,us,2017,152
893723,PAW Patrol: The Mighty Movie,PAW Patrol: The Mighty Movie,ca,2023,88
299537,Captain Marvel,Captain Marvel,us,2019,124
446893,Trolls World Tour,Trolls World Tour,us,2020,91
524047,Greenland,Greenland,gb,2020,120
381288,Split,Split,us,2017,117
338953,Fantastic Beasts: The Secrets of Dumbledore,Fantastic Beasts: The Secrets of Dumbledore,gb,2022,142
353081,Mission: Impossible - Fallout,Mission: Impossible - Fallout,us,2018,147
335977,Indiana Jones and the Dial of Destiny,Indiana Jones and the Dial of Destiny,us,2023,155
492188,Marriage Story,Marriage Story,gb,2019,137
438148,Minions: The Rise of Gru,Minions: The Rise of Gru,us,2022,87
515195,Yesterday,Yesterday,gb,2019,116
1106739,Juror #2,Juror #2,us,2024,114
468224,Tolkien,Tolkien,us,2019,112
523777,Next Gen,Next Gen,ca,2018,105
1075794,Leo,Leo,au,2023,102
398818,Call Me by Your Name,Call Me by Your Name,br,2017,132
472451,Boy Erased,Boy Erased,au,2018,115
400155,Hotel Transylvania 3: Summer Vacation,Hotel Transylvania 3: Summer Vacation,us,2018,97
585511,Luck,Luck,es,2022,105
948549,Love Lies Bleeding,Love Lies Bleeding,gb,2024,104
632357,The Unholy,The Unholy,us,2021,99
517814,Capernaum,کفرناحوم,fr,2018,126
799876,The Outfit,The Outfit,gb,2022,105
399579,Alita: Battle Angel,Alita: Battle Angel,us,2019,122
768362,Missing,Missing,us,2023,111
424694,Bohemian Rhapsody,Bohemian Rhapsody,gb,2018,135
637693,Spirit Untamed,Spirit Untamed,us,2021,88
1014590,Upgraded,Upgraded,gb,2024,105
864370,Incantation,咒,tw,2022,111
715931,Emancipation,Emancipation,us,2022,132
522162,Midway,Midway,ca,2019,138
1064028,Subservience,Subservience,us,2024,105
437033,Toc Toc,Toc Toc,es,2017,96
974635,Hit Man,Hit Man,us,2024,116
1079091,It Ends with Us,It Ends with Us,us,2024,131
560050,Over the Moon,Over the Moon,cn,2020,95
820525,After Everything,After Everything,us,2023,93
406990,What Happened to Monday,What Happened to Monday,be,2017,123
283566,Evangelion: 3.0+1.0 Thrice Upon a Time,シン・エヴァンゲリオン劇場版:||,jp,2021,155
600354,The Father,The Father,fr,2020,97
760741,Beast,Beast,is,2022,92
336843,Maze Runner: The Death Cure,Maze Runner: The Death Cure,us,2018,143
644479,Dedicated to my ex,Dedicada A Mi Ex,co,2019,94
643882,The Princess Switch: Switched Again,The Princess Switch: Switched Again,us,2020,97
881164,Boston Strangler,Boston Strangler,us,2023,113
287947,Shazam!,Shazam!,us,2019,132
978592,Sleeping Dogs,Sleeping Dogs,us,2024,112
491418,Instant Family,Instant Family,us,2018,118
645788,The Protégé,The Protégé,bg,2021,109
809140,Father Stu,Father Stu,us,2022,124
529203,The Croods: A New Age,The Croods: A New Age,us,2020,95
520763,A Quiet Place Part II,A Quiet Place Part II,us,2021,96
493922,Hereditary,Hereditary,us,2018,128
549053,Last Christmas,Last Christmas,gb,2019,102
412117,The Secret Life of Pets 2,The Secret Life of Pets 2,us,2019,86
726759,Tetris,Tetris,gb,2023,118
38700,Bad Boys for Life,Bad Boys for Life,us,2020,124
760774,One Life,One Life,au,2023,109
713776,If Anything Happens I Love You,If Anything Happens I Love You,us,2020,12
500682,The Highwaymen,The Highwaymen,us,2019,133
399402,Hunter Killer,Hunter Killer,fr,2018,121
759175,The Princess,The Princess,us,2022,94
448119,Dolittle,Dolittle,cn,2020,101
597922,The Greatest Beer Run Ever,The Greatest Beer Run Ever,us,2022,127
496450,"Miraculous: Ladybug & Cat Noir, The Movie",Miraculous - le film,cn,2023,100
1064486,Memoir of a Snail,Memoir of a Snail,au,2024,94
458737,First Reformed,First Reformed,us,2018,113
1147400,"Miraculous World: Paris, Tales of Shadybug and Claw Noir","Miraculous World : Paris, Les Aventures de Toxinelle et Griffe Noire",ca,2023,46
630004,The Vault,Way Down,fr,2021,114
316029,The Greatest Showman,The Greatest Showman,us,2017,105
710356,2 Hearts,2 Hearts,us,2020,102
718032,Licorice Pizza,Licorice Pizza,ca,2021,133
763165,The Burial,The Burial,us,2023,126
575452,The Traitor,Il traditore,br,2019,151
339692,Shot Caller,Shot Caller,us,2017,121
498249,Bad Seeds,Mauvaises herbes,fr,2018,100
338967,Zombieland: Double Tap,Zombieland: Double Tap,us,2019,99
476669,The King's Man,The King's Man,gb,2021,131
614933,Atlas,Atlas,us,2024,118
592350,My Hero Academia: Heroes Rising,僕のヒーローアカデミア THE MOVIE ヒーローズ：ライジング,jp,2019,104
661231,Operation Mincemeat,Operation Mincemeat,gb,2022,128
590223,Love and Monsters,Love and Monsters,us,2020,109
628534,The White Tiger,The White Tiger,in,2021,125
508642,Gonjiam: Haunted Asylum,곤지암,kr,2018,95
546121,Run,Run,us,2020,90
663870,Riders of Justice,Retfærdighedens ryttere,dk,2020,116
614292,Bad Tales,Favolacce,it,2020,98
613504,After We Collided,After We Collided,us,2020,105
937746,Io Capitano,Io capitano,be,2023,121
1062807,SPY x FAMILY CODE: White,劇場版 SPY×FAMILY CODE: White,jp,2023,110
527774,Raya and the Last Dragon,Raya and the Last Dragon,us,2021,107
587792,Palm Springs,Palm Springs,us,2020,90
495764,Birds of Prey (and the Fantabulous Emancipation of One Harley Quinn),Birds of Prey (and the Fantabulous Emancipation of One Harley Quinn),us,2020,109
524434,Eternals,Eternals,us,2021,156
705996,Decision to Leave,헤어질 결심,kr,2022,139
799766,Better Man,Better Man,au,2024,135
944401,Dogman,Dogman,fr,2023,115
961268,Ballerina,발레리나,kr,2023,93
661539,A Complete Unknown,A Complete Unknown,us,2024,140
560016,Monkey Man,Monkey Man,ca,2024,121
1152014,A Little Something Extra,Un p'tit truc en plus,fr,2024,89
895549,NYAD,NYAD,us,2023,121
691179,Friends: The Reunion,Friends: The Reunion,us,2021,104
293167,Kong: Skull Island,Kong: Skull Island,cn,2017,118
467244,The Zone of Interest,The Zone of Interest,pl,2023,105
339964,Valerian and the City of a Thousand Planets,Valerian and the City of a Thousand Planets,fr,2017,137
820609,No One Will Save You,No One Will Save You,us,2023,93
458220,Palmer,Palmer,us,2021,110
514439,Breakthrough,Breakthrough,us,2019,116
474331,Keep an Eye Out,Au poste !,be,2018,73
614479,Insidious: The Red Door,Insidious: The Red Door,us,2023,107
441282,Night Hunter,Night Hunter,ca,2019,95
940139,Here,Here,us,2024,105
734265,Love Hard,Love Hard,us,2021,105
820446,Downton Abbey: A New Era,Downton Abbey: A New Era,gb,2022,124
419743,Disobedience,Disobedience,ie,2018,114
438799,Overlord,Overlord,us,2018,110
774825,The Ice Age Adventures of Buck Wild,The Ice Age Adventures of Buck Wild,ca,2022,82
399566,Godzilla vs. Kong,Godzilla vs. Kong,us,2021,114
616651,Stillwater,Stillwater,fr,2021,139
345938,The Shack,The Shack,ca,2017,132
514921,The Aeronauts,The Aeronauts,gb,2019,100
933131,Badland Hunters,황야,kr,2024,107
481848,The Call of the Wild,The Call of the Wild,us,2020,100
424488,Megan Leavey,Megan Leavey,es,2017,116
390054,Sand Castle,Sand Castle,gb,2017,113
335787,Uncharted,Uncharted,us,2022,116
836225,The Exorcism of God,The Exorcism of God,mx,2022,98
836225,The Exorcism of God,The Exorcism of God,mx,2022,98
664300,Shiva Baby,Shiva Baby,us,2021,78
568160,Weathering with You,天気の子,jp,2019,112
522938,Rambo: Last Blood,Rambo: Last Blood,cn,2019,89
695721,The Hunger Games: The Ballad of Songbirds & Snakes,The Hunger Games: The Ballad of Songbirds & Snakes,de,2023,157
675445,PAW Patrol: The Movie,PAW Patrol: The Movie,ca,2021,86
338762,Bloodshot,Bloodshot,cn,2020,110
274857,King Arthur: Legend of the Sword,King Arthur: Legend of the Sword,us,2017,126
342470,All the Bright Places,All the Bright Places,us,2020,108
615777,Babylon,Babylon,us,2022,189
606856,Togo,Togo,us,2019,113
520172,Happiest Season,Happiest Season,us,2020,102
602223,The Forever Purge,The Forever Purge,us,2021,103
530254,The Witch: Part 1. The Subversion,마녀,hk,2018,125
389015,"I, Tonya","I, Tonya",us,2017,120
646097,Rebel Ridge,Rebel Ridge,us,2024,132
567860,Fyre,Fyre,us,2019,98
617653,The Last Duel,The Last Duel,us,2021,153
552178,Dark Waters,Dark Waters,us,2019,127
1050035,Monster,怪物,jp,2023,125
642885,Hocus Pocus 2,Hocus Pocus 2,us,2022,107
522478,Peter Rabbit 2: The Runaway,Peter Rabbit 2: The Runaway,au,2021,93
1022256,Selena Gomez: My Mind & Me,Selena Gomez: My Mind & Me,us,2022,95
840705,Blink Twice,Blink Twice,us,2024,102
1127166,The Tearsmith,Fabbricante di lacrime,it,2024,106
817758,TÁR,TÁR,us,2022,158
419478,Midnight Sun,Midnight Sun,us,2018,91
515001,Jojo Rabbit,Jojo Rabbit,nz,2019,108
425909,Ghostbusters: Afterlife,Ghostbusters: Afterlife,ca,2021,124
966220,Sniper: The White Raven,Снайпер. Білий ворон,ua,2022,120
585245,Clifford the Big Red Dog,Clifford the Big Red Dog,ca,2021,97
916224,Suzume,すずめの戸締まり,jp,2022,122
618162,The Harder They Fall,The Harder They Fall,us,2021,137
646389,Plane,Plane,gb,2023,107
596161,Let Him Go,Let Him Go,ca,2020,114
436270,Black Adam,Black Adam,us,2022,125
396422,Annabelle: Creation,Annabelle: Creation,us,2017,110
331482,Little Women,Little Women,us,2019,135
776797,The Sadness,哭悲,tw,2021,99
539517,Constantine: City of Demons - The Movie,Constantine: City of Demons - The Movie,us,2018,90
370663,Below Her Mouth,Below Her Mouth,ca,2017,92
814776,Bottoms,Bottoms,us,2023,91
435129,The Breadwinner,The Breadwinner,ca,2017,94
627725,The Banker,The Banker,us,2020,120
580175,Another Round,Druk,dk,2020,117
610150,Dragon Ball Super: Super Hero,ドラゴンボール超 スーパーヒーロー,jp,2022,99
842675,The Wandering Earth II,流浪地球2,cn,2023,173
785663,Old Henry,Old Henry,us,2021,99
837335,La Chimera,La chimera,it,2023,131
964980,Air,Air,us,2023,111
483184,Dogman,Dogman,it,2018,103
539681,DC League of Super-Pets,DC League of Super-Pets,us,2022,105
877703,Teen Wolf: The Movie,Teen Wolf: The Movie,us,2023,140
399174,Isle of Dogs,Isle of Dogs,us,2018,101
614696,#Alive,#살아있다,kr,2020,98
500664,Upgrade,Upgrade,au,2018,100
644583,The Mauritanian,The Mauritanian,gb,2021,129
458253,Missing Link,Missing Link,us,2019,93
337401,Mulan,Mulan,us,2020,115
527641,Five Feet Apart,Five Feet Apart,us,2019,116
585244,I Still Believe,I Still Believe,us,2020,115
578701,Those Who Wish Me Dead,Those Who Wish Me Dead,ca,2021,100
581392,Peninsula,반도,kr,2020,115
583083,The Kissing Booth 2,The Kissing Booth 2,gb,2020,132
437586,mid90s,mid90s,us,2018,86
762975,Purple Hearts,Purple Hearts,gb,2022,122
459003,Mavka: The Forest Song,Мавка: Лісова пісня,ua,2023,99
395991,Only the Brave,Only the Brave,us,2017,133
661374,Glass Onion: A Knives Out Mystery,Glass Onion: A Knives Out Mystery,us,2022,140
400928,Gifted,Gifted,gb,2017,101
343668,Kingsman: The Golden Circle,Kingsman: The Golden Circle,gb,2017,141
581032,News of the World,News of the World,us,2020,118
404368,Ralph Breaks the Internet,Ralph Breaks the Internet,us,2018,112
522402,Finch,Finch,us,2021,115
381719,Peter Rabbit,Peter Rabbit,au,2018,93
646380,Don't Look Up,Don't Look Up,us,2021,138
787752,Fresh,Fresh,us,2022,114
531428,Portrait of a Lady on Fire,Portrait de la jeune fille en feu,fr,2019,121
460465,Mortal Kombat,Mortal Kombat,us,2021,110
338958,Disenchanted,Disenchanted,us,2022,118
406997,Wonder,Wonder,hk,2017,113
823754,Bo Burnham: Inside,Bo Burnham: Inside,us,2021,88
462883,Woody Woodpecker,Woody Woodpecker,ca,2017,91
400160,The SpongeBob Movie: Sponge on the Run,The SpongeBob Movie: Sponge on the Run,us,2020,95
454619,Overboard,Overboard,us,2018,112
795514,The Fallout,The Fallout,us,2021,96
508570,The One and Only Ivan,The One and Only Ivan,us,2020,93
545609,Extraction,Extraction,us,2020,116
395834,Wind River,Wind River,fr,2017,107
635910,The Last Voyage of the Demeter,The Last Voyage of the Demeter,de,2023,119
281338,War for the Planet of the Apes,War for the Planet of the Apes,us,2017,140
603661,The Hating Game,The Hating Game,gb,2021,102
541134,The Good Nurse,The Good Nurse,us,2022,121
938614,Late Night with the Devil,Late Night with the Devil,au,2024,93
332562,A Star Is Born,A Star Is Born,us,2018,136
446894,Smallfoot,Smallfoot,us,2018,96
804095,The Fabelmans,The Fabelmans,us,2022,151
501170,Doctor Sleep,Doctor Sleep,us,2019,152
531438,Holiday in the Wild,Holiday in the Wild,us,2019,85
597208,Nightmare Alley,Nightmare Alley,us,2021,151
522924,The Art of Racing in the Rain,The Art of Racing in the Rain,us,2019,109
632856,Spirited,Spirited,us,2022,127
745881,The Medium,ร่างทรง,kr,2021,131
614930,Teenage Mutant Ninja Turtles: Mutant Mayhem,Teenage Mutant Ninja Turtles: Mutant Mayhem,ca,2023,100
399121,An Officer and a Spy,J'accuse,fr,2019,132
626735,Dog,Dog,us,2022,101
653349,Vacation Friends,Vacation Friends,us,2021,103
779782,The School for Good and Evil,The School for Good and Evil,us,2022,149
405774,Bird Box,Bird Box,us,2018,124
449443,Den of Thieves,Den of Thieves,us,2018,140
900667,One Piece Film Red,ONE PIECE FILM RED,jp,2022,115
899082,Harry Potter 20th Anniversary: Return to Hogwarts,Harry Potter 20th Anniversary: Return to Hogwarts,gb,2022,103
785084,The Whale,The Whale,us,2022,117
1061699,The Six Triple Eight,The Six Triple Eight,us,2024,130
348350,Solo: A Star Wars Story,Solo: A Star Wars Story,us,2018,135
513310,Boss Level,Boss Level,gb,2021,101
398978,The Irishman,The Irishman,us,2019,209
614560,Mank,Mank,us,2020,132
508965,Klaus,Klaus,es,2019,96
744275,After We Fell,After We Fell,fr,2021,99
465136,Every Day,Every Day,ch,2018,97
486589,Red Shoes and the Seven Dwarfs,레드슈즈,kr,2019,92
560057,The Sea Beast,The Sea Beast,us,2022,115
433247,First They Killed My Father,First They Killed My Father,us,2017,136
504253,I Want to Eat Your Pancreas,君の膵臓をたべたい,jp,2018,108
926899,The House,The House,gb,2022,97
617502,Jolt,Jolt,bg,2021,91
810171,The Valet,The Valet,us,2022,124
466282,To All the Boys I've Loved Before,To All the Boys I've Loved Before,us,2018,100
424139,Halloween,Halloween,us,2018,106
397567,Along with the Gods: The Two Worlds,신과함께-죄와 벌,kr,2017,139
727745,The Kissing Booth 3,The Kissing Booth 3,gb,2021,112
529216,Mirage,Durante la tormenta,es,2018,129
637534,The Stronghold,BAC Nord,fr,2021,105
629176,Samaritan,Samaritan,us,2022,102
570131,Love at Second Sight,Mon Inconnue,be,2019,117
570670,The Invisible Man,The Invisible Man,au,2020,124
724495,The Woman King,The Woman King,ca,2022,135
332283,Mary Shelley,Mary Shelley,ie,2017,120
988078,Through My Window: Across the Sea,A través del mar,es,2023,110
392044,Murder on the Orient Express,Murder on the Orient Express,us,2017,114
280180,Beverly Hills Cop: Axel F,Beverly Hills Cop: Axel F,us,2024,115
431580,Abominable,Abominable,cn,2019,97
363088,Ant-Man and the Wasp,Ant-Man and the Wasp,us,2018,119
1102776,AKA,AKA,fr,2023,122
511785,Alex Strangelove,Alex Strangelove,us,2018,99
554596,"No manches, Frida 2: paraíso destruido","No manches, Frida 2: paraíso destruido",mx,2019,102
843241,The Seven Deadly Sins: Cursed by Light,劇場版 七つの大罪 光に呪われし者たち,jp,2021,79
337170,American Made,American Made,us,2017,115
411088,The Invisible Guest,Contratiempo,es,2017,107
437342,The First Omen,The First Omen,us,2024,119
626412,Alienoid: Return to the Future,외계+인 2부,kr,2024,122
497828,Triangle of Sadness,Triangle of Sadness,dk,2022,147
423204,Angel Has Fallen,Angel Has Fallen,us,2019,122
630220,18 Presents,18 regali,it,2020,110
600583,The Power of the Dog,The Power of the Dog,au,2021,127
454640,The Angry Birds Movie 2,The Angry Birds Movie 2,fi,2019,97
450465,Glass,Glass,us,2019,129
429197,Vice,Vice,us,2018,132
446159,Bacurau,Bacurau,br,2019,131
1139566,Through My Window 3: Looking at You,A través de mi ventana 3: A través de tu mirada,es,2024,105
470044,The Hate U Give,The Hate U Give,us,2018,133
877817,Wolfs,Wolfs,us,2024,108
416144,Hotel Mumbai,Hotel Mumbai,au,2019,123
565770,Blue Beetle,Blue Beetle,us,2023,128
445651,The Darkest Minds,The Darkest Minds,us,2018,105
1040148,"Ruby Gillman, Teenage Kraken","Ruby Gillman, Teenage Kraken",us,2023,91
481084,The Addams Family,The Addams Family,ca,2019,87
417870,Girls Trip,Girls Trip,us,2017,122
744276,After Ever Happy,After Ever Happy,us,2022,95
454527,Benedetta,Benedetta,be,2021,131
445571,Game Night,Game Night,us,2018,100
567604,Once Upon a Deadpool,Once Upon a Deadpool,us,2018,118
455207,Crazy Rich Asians,Crazy Rich Asians,us,2018,121
385103,Scoob!,Scoob!,us,2020,93
1172676,Poison,Poison,us,2023,17
471498,Oxygen,Oxygène,us,2021,100
329996,Dumbo,Dumbo,us,2019,112
353486,Jumanji: Welcome to the Jungle,Jumanji: Welcome to the Jungle,us,2017,119
507076,Climax,Climax,be,2018,97
725201,The Gray Man,The Gray Man,us,2022,129
385128,F9,F9,us,2021,143
539892,Freaks,Freaks,ca,2019,105
638449,The Last Letter from Your Lover,The Last Letter from Your Lover,ca,2021,110
375262,The Favourite,The Favourite,ie,2018,120
493551,Operation Finale,Operation Finale,us,2018,124
674324,The Banshees of Inisherin,The Banshees of Inisherin,gb,2022,114
399360,Alpha,Alpha,ca,2018,97
744857,When Evil Lurks,Cuando acecha la maldad,ar,2023,100
576845,Last Night in Soho,Last Night in Soho,gb,2021,117
1100099,We Live in Time,We Live in Time,gb,2024,108
517093,Balkan Line,Балканский рубеж,ru,2019,130
501907,A Beautiful Day in the Neighborhood,A Beautiful Day in the Neighborhood,cn,2019,109
615643,Minari,Minari,us,2021,115
862968,Pain Hustlers,Pain Hustlers,us,2023,122
506528,Harriet,Harriet,us,2019,125
667520,A Whisker Away,泣きたい私は猫をかぶる,jp,2020,104
499701,Dora and the Lost City of Gold,Dora and the Lost City of Gold,us,2019,102
974950,Emilia Pérez,Emilia Pérez,be,2024,132
523773,Little Italy,Little Italy,ca,2018,102
480530,Creed II,Creed II,us,2018,130
526051,Look Away,Look Away,ca,2018,103
514207,Invasion,Вторжение,ru,2020,129
912908,Strays,Strays,us,2023,93
533444,Waves,Waves,ca,2019,136
379686,Space Jam: A New Legacy,Space Jam: A New Legacy,us,2021,115
537055,Wonder Woman: Bloodlines,Wonder Woman: Bloodlines,us,2019,83
592984,Hillbilly Elegy,Hillbilly Elegy,us,2020,117
528888,Dolemite Is My Name,Dolemite Is My Name,us,2019,118
384680,Hostiles,Hostiles,us,2017,134
550205,Wish Dragon,Wish Dragon,us,2021,99
1000837,I'm Still Here,Ainda Estou Aqui,br,2024,138
707886,Feel the Beat,Feel the Beat,ca,2020,107
535167,The Wandering Earth,流浪地球,cn,2019,126
524251,I See You,I See You,us,2019,98
565743,The Vast of Night,The Vast of Night,us,2019,91
672647,The Map of Tiny Perfect Things,The Map of Tiny Perfect Things,us,2021,99
447404,Pokémon Detective Pikachu,Pokémon Detective Pikachu,jp,2019,105
387426,Okja,Okja,kr,2017,120
547016,The Old Guard,The Old Guard,us,2020,125
537996,The Ballad of Buster Scruggs,The Ballad of Buster Scruggs,us,2018,132
758323,The Pope's Exorcist,The Pope's Exorcist,us,2023,103
351044,Welcome to Marwen,Welcome to Marwen,ca,2018,116
520758,Chicken Run: Dawn of the Nugget,Chicken Run: Dawn of the Nugget,gb,2023,101
660120,The Worst Person in the World,Verdens verste menneske,no,2021,128
488623,Forgotten,기억의 밤,kr,2017,108
390062,Jungle,Jungle,au,2017,115
505262,My Hero Academia: Two Heroes,僕のヒーローアカデミア THE MOVIE ～2人の英雄～,jp,2018,96
796499,Army of Thieves,Army of Thieves,de,2021,127
923939,The Wonderful Story of Henry Sugar,The Wonderful Story of Henry Sugar,us,2023,39
974931,Totally Killer,Totally Killer,us,2023,104
705861,Hustle,Hustle,us,2022,117
483980,Z-O-M-B-I-E-S,Z-O-M-B-I-E-S,us,2018,94
327331,The Dirt,The Dirt,us,2019,108
503919,The Lighthouse,The Lighthouse,br,2019,109
416194,The Quake,Skjelvet,no,2018,106
1083862,Resident Evil: Death Island,バイオハザード：デスアイランド,jp,2023,91
662546,Godmothered,Godmothered,us,2020,110
506574,Descendants 3,Descendants 3,us,2019,106
421447,The Climb,L'Ascension,fr,2017,103
800815,The Pale Blue Eye,The Pale Blue Eye,us,2022,128
846214,"The Good, the Bart, and the Loki","The Good, the Bart, and the Loki",us,2021,6
484641,Anna,Anna,fr,2019,119
668482,Roald Dahl's Matilda the Musical,Roald Dahl's Matilda the Musical,gb,2022,117
915935,Anatomy of a Fall,Anatomie d'une chute,fr,2023,151
994108,All of Us Strangers,All of Us Strangers,gb,2023,105
765245,Swan Song,Swan Song,us,2021,112
424783,Bumblebee,Bumblebee,cn,2018,113
364689,Ferdinand,Ferdinand,us,2017,108
696806,The Adam Project,The Adam Project,us,2022,106
567609,Ready or Not,Ready or Not,us,2019,95
401981,Red Sparrow,Red Sparrow,us,2018,140
768744,My Hero Academia: World Heroes' Mission,僕のヒーローアカデミア THE MOVIE ワールド ヒーローズ ミッション,jp,2021,105
760161,Orphan: First Kill,Orphan: First Kill,ca,2022,99
582014,Promising Young Woman,Promising Young Woman,us,2020,113
951491,Saw X,Saw X,us,2023,118
522518,A Dog's Journey,A Dog's Journey,cn,2019,109
776305,Belle,竜とそばかすの姫,jp,2021,121
612706,Work It,Work It,us,2020,93
518068,Along with the Gods: The Last 49 Days,신과함께-인과 연,kr,2018,141
1016084,BlackBerry,BlackBerry,ca,2023,120
519010,Pain and Glory,Dolor y gloria,es,2019,114
796185,The Three Musketeers: D'Artagnan,Les Trois Mousquetaires : D'Artagnan,be,2023,121
517839,Border,Gräns,dk,2018,110
718789,Lightyear,Lightyear,us,2022,105
830784,"Lyle, Lyle, Crocodile","Lyle, Lyle, Crocodile",it,2022,106
504608,Rocketman,Rocketman,gb,2019,121
876716,Ciao Alberto,Ciao Alberto,us,2021,7
832964,Lee,Lee,au,2024,117
636565,Rose Island,L'incredibile storia dell'Isola delle Rose,it,2020,120
513045,Stuber,Stuber,us,2019,93
399366,Marrowbone,El secreto de Marrowbone,es,2017,111
636706,Spaceman,Spaceman,us,2024,108
560044,The Willoughbys,The Willoughbys,ca,2020,92
393624,Official Secrets,Official Secrets,ca,2019,112
400157,Wonder Park,Wonder Park,es,2019,86
845222,Kingdom: Ashin of the North,킹덤: 아신전,kr,2021,92
619730,Don't Worry Darling,Don't Worry Darling,us,2022,123
650031,The Shadow in My Eye,Skyggen i mit øje,dk,2021,107
802219,Bob Marley: One Love,Bob Marley: One Love,us,2024,104
393624,Official Secrets,Official Secrets,ca,2019,112
845222,Kingdom: Ashin of the North,킹덤: 아신전,kr,2021,92
650031,The Shadow in My Eye,Skyggen i mit øje,dk,2021,107
421447,The Climb,L'Ascension,fr,2017,103
882059,Boy Kills World,Boy Kills World,us,2024,110
555850,The Holiday Calendar,The Holiday Calendar,us,2018,94
522241,The Courier,The Courier,gb,2020,112
375785,Then Came You,Then Came You,us,2018,97
399366,Marrowbone,El secreto de Marrowbone,es,2017,111
401513,Attraction,Притяжение,ru,2017,117
514847,The Hunt,The Hunt,us,2020,90
639721,The Addams Family 2,The Addams Family 2,ca,2021,93
833425,No Exit,No Exit,us,2022,96
482373,Don't Breathe 2,Don't Breathe 2,us,2021,98
1139829,Orion and the Dark,Orion and the Dark,us,2024,90
567189,Tom Clancy's Without Remorse,Tom Clancy's Without Remorse,us,2021,110
594718,Sputnik,Спутник,ru,2020,113
476299,Ghostland,Ghostland,ca,2018,91
522931,Hitman's Wife's Bodyguard,Hitman's Wife's Bodyguard,bg,2021,117
517116,Haunt,Haunt,us,2019,93
638507,How to Train Your Dragon: Homecoming,How to Train Your Dragon: Homecoming,us,2019,22
831405,Injustice,Injustice,us,2021,78
452187,Le Brio,Le Brio,fr,2017,95
1212073,Sixty Minutes,60 Minuten,de,2024,89
468198,The Place,The Place,it,2017,102
398173,The House That Jack Built,The House That Jack Built,dk,2018,152
648579,The Unbearable Weight of Massive Talent,The Unbearable Weight of Massive Talent,us,2022,107
431693,Spies in Disguise,Spies in Disguise,us,2019,102
511322,The Good Liar,The Good Liar,ca,2019,109
586863,Les Misérables,Les Misérables,fr,2019,104
626332,Flamin' Hot,Flamin' Hot,us,2023,99
664413,365 Days,365 dni,pl,2020,116
391713,Lady Bird,Lady Bird,us,2017,94
455714,Bad Genius,ฉลาดเกมส์โกง,th,2017,130
458423,Mamma Mia! Here We Go Again,Mamma Mia! Here We Go Again,gb,2018,114
575604,The Call,콜,kr,2020,112
552688,The Mother,The Mother,us,2023,115
646207,The Ice Road,The Ice Road,ca,2021,108
698948,Thirteen Lives,Thirteen Lives,gb,2022,147
550776,Believe Me: The Abduction of Lisa McVey,Believe Me: The Abduction of Lisa McVey,ca,2018,87
437068,A Taxi Driver,택시운전사,kr,2017,138
840430,The Holdovers,The Holdovers,us,2023,133
1020006,Priscilla,Priscilla,it,2023,113
458576,Monster Hunter,Monster Hunter,cn,2020,103
446021,Bad Times at the El Royale,Bad Times at the El Royale,us,2018,141
280217,The Lego Movie 2: The Second Part,The Lego Movie 2: The Second Part,ca,2019,107
350312,Bāhubali 2: The Conclusion,బాహుబలి 2: ది కన్ క్లూజన్,in,2017,166
663260,Black Box,Boîte noire,fr,2021,130
412656,Chaos Walking,Chaos Walking,us,2021,109
536743,Queen & Slim,Queen & Slim,ca,2019,131
833339,Speak No Evil,Speak No Evil,dk,2022,98
505192,Shoplifters,万引き家族,jp,2018,120
504172,The Mule,The Mule,ca,2018,116
501929,The Mitchells vs. the Machines,The Mitchells vs. the Machines,hk,2021,110
359940,"Three Billboards Outside Ebbing, Missouri","Three Billboards Outside Ebbing, Missouri",gb,2017,115
479226,The Purity of Vengeance,Journal 64,dk,2018,118
754067,Vicky and Her Mystery,Mystère,fr,2021,84
677638,We Bare Bears: The Movie,We Bare Bears: The Movie,us,2020,69
763285,Ambulance,Ambulance,us,2022,136
490003,Won't You Be My Neighbor?,Won't You Be My Neighbor?,us,2018,95
901563,Close,Close,be,2022,104
666243,The Witcher: Nightmare of the Wolf,The Witcher: Nightmare of the Wolf,pl,2021,83
443009,"Don't Worry, He Won't Get Far on Foot","Don't Worry, He Won't Get Far on Foot",fr,2018,115
340613,The Wife,The Wife,se,2018,100
324849,The Lego Batman Movie,The Lego Batman Movie,au,2017,104
959604,Beating Hearts,L'Amour ouf,fr,2024,166
664767,Mortal Kombat Legends: Scorpion's Revenge,Mortal Kombat Legends: Scorpion's Revenge,us,2020,80
534259,Blinded by the Light,Blinded by the Light,gb,2019,118
806368,The Son,The Son,au,2022,123
716612,Spencer,Spencer,cl,2021,116
638597,YES DAY,YES DAY,us,2021,86
537056,Batman: Hush,Batman: Hush,us,2019,82
635731,Pig,Pig,gb,2021,92
652837,"Josee, the Tiger and the Fish",ジョゼと虎と魚たち,jp,2020,98
615666,A Boy Called Christmas,A Boy Called Christmas,gb,2021,104
491584,Burning,버닝,jp,2018,148
525661,Bombshell,Bombshell,ca,2019,109
916405,The Quiet Girl,An Cailín Ciúin,ie,2022,94
511809,West Side Story,West Side Story,us,2021,156
653567,Miss Americana,Miss Americana,us,2020,85
770254,Back to the Outback,Back to the Outback,us,2021,92
565426,To All the Boys: P.S. I Still Love You,To All the Boys: P.S. I Still Love You,us,2020,102
508763,A Dog's Way Home,A Dog's Way Home,cn,2019,96
1056360,American Fiction,American Fiction,us,2023,117
455980,Tag,Tag,us,2018,100
401513,Attraction,Притяжение,ru,2017,117
573699,White Snake,白蛇：缘起,cn,2019,99
774752,The Guardians of the Galaxy Holiday Special,The Guardians of the Galaxy Holiday Special,us,2022,45
346648,Paddington 2,Paddington 2,fr,2017,104
245842,The King's Daughter,The King's Daughter,au,2022,94
556694,Three Thousand Years of Longing,Three Thousand Years of Longing,au,2022,108
906126,Society of the Snow,La sociedad de la nieve,es,2023,144
395993,Stronger,Stronger,hk,2017,119
454652,Colette,Colette,gb,2018,112
526050,Little,Little,us,2019,108
945729,A Haunting in Venice,A Haunting in Venice,gb,2023,104
1151534,Nowhere,Nowhere,es,2023,109
550231,The Secret: Dare to Dream,The Secret: Dare to Dream,us,2020,107
817648,Home Team,Home Team,us,2022,95
558582,First Cow,First Cow,us,2020,122
381283,mother!,mother!,us,2017,121
758330,"Good Luck to You, Leo Grande","Good Luck to You, Leo Grande",gb,2022,97
579245,The Specials,Hors Normes,be,2019,114
515042,Free Solo,Free Solo,us,2018,100
502033,Sound of Metal,Sound of Metal,us,2020,120
837881,She Said,She Said,us,2022,129
379149,The Foreigner,The Foreigner,cn,2017,113
621013,Chemical Hearts,Chemical Hearts,us,2020,93
456929,Champions,Campeones,es,2018,124
487476,Nothing to Hide,Le Jeu,be,2018,93
398181,You Were Never Really Here,You Were Never Really Here,gb,2017,89
338952,Fantastic Beasts: The Crimes of Grindelwald,Fantastic Beasts: The Crimes of Grindelwald,gb,2018,134
763329,Red Rocket,Red Rocket,us,2021,130
581387,Ashfall,백두산,kr,2019,128
390043,The Hitman's Bodyguard,The Hitman's Bodyguard,bg,2017,118
513347,Flavors of Youth,肆式青春,cn,2018,74
471506,Greta,Greta,hk,2019,98
513434,One Cut of the Dead,カメラを止めるな！,jp,2017,96
512263,Honey Boy,Honey Boy,us,2019,94
505600,Booksmart,Booksmart,us,2019,102
339259,The Man with the Iron Heart,The Man with the Iron Heart,be,2017,120
449406,Vivo,Vivo,us,2021,96
399057,The Killing of a Sacred Deer,The Killing of a Sacred Deer,gb,2017,121
637920,Miracle in Cell No. 7,7. Koğuştaki Mucize,tr,2019,132
620725,Jexi,Jexi,ca,2019,84
583406,Judas and the Black Messiah,Judas and the Black Messiah,ca,2021,126
412202,Handsome Devil,Handsome Devil,ie,2017,95
575813,Better Days,少年的你,cn,2019,135
433498,Papillon,Papillon,cz,2017,134
447362,Life in a Year,Life in a Year,us,2020,107
394117,The Florida Project,The Florida Project,us,2017,112
760336,Munich – The Edge of War,Munich – The Edge of War,de,2021,130
568467,Ammonite,Ammonite,gb,2020,118
430447,Mary and The Witch's Flower,メアリと魔女の花,jp,2017,103
448776,A Prayer Before Dawn,A Prayer Before Dawn,kh,2018,116
432976,Icarus,Icarus,us,2017,121
480857,Radioactive,Radioactive,fr,2020,111
436931,Pokémon the Movie: I Choose You!,劇場版 ポケットモンスター キミにきめた！,jp,2017,98
486131,Shaft,Shaft,us,2019,111
353577,Love at First Sight,Love at First Sight,us,2023,91
469019,Jim & Andy: The Great Beyond,Jim & Andy: The Great Beyond,ca,2017,93
777270,Belfast,Belfast,gb,2021,98
523781,Words on Bathroom Walls,Words on Bathroom Walls,us,2020,111
644495,House of Gucci,House of Gucci,ca,2021,158
761053,Gabriel's Inferno: Part III,Gabriel's Inferno: Part III,us,2020,102
848685,The Beasts,As bestas,fr,2022,138
736732,Broker,브로커,kr,2022,129
581389,Space Sweepers,승리호,kr,2021,136
866463,Reptile,Reptile,us,2023,136
551804,Freaky,Freaky,us,2020,102
514754,Bao,Bao,us,2018,8
457332,Hidden Strike,Hidden Strike,cn,2023,103
489930,Blindspotting,Blindspotting,us,2018,95
556984,The Trial of the Chicago 7,The Trial of the Chicago 7,us,2020,130
766798,Parallel Mothers,Madres paralelas,es,2021,123
532865,The Dig,The Dig,gb,2021,112
436274,Radius,Radius,ca,2017,93
548066,Level 16,Level 16,ca,2018,102
1254786,The Life List,The Life List,us,2025,123
736074,"Batman: The Long Halloween, Part Two","Batman: The Long Halloween, Part Two",us,2021,87
551271,Medieval,Medieval,cz,2022,126
1241320,Kingdom: Return of the Great General,キングダム 大将軍の帰還,jp,2024,146
274862,The Lego Ninjago Movie,The Lego Ninjago Movie,au,2017,101
975773,Wicked Little Letters,Wicked Little Letters,gb,2024,100
1088514,The Room Next Door,La habitación de al lado,es,2024,106
394741,Stan & Ollie,Stan & Ollie,ca,2018,98
582927,I'm No Longer Here,Ya no estoy aquí,mx,2019,112
678512,Sound of Freedom,Sound of Freedom,us,2023,131
597219,The Half of It,The Half of It,us,2020,104
758866,Drive My Car,ドライブ・マイ・カー,jp,2021,179
451945,BPM (Beats per Minute),120 battements par minute,fr,2017,143
578189,Black and Blue,Black and Blue,us,2019,109
521777,Good Boys,Good Boys,us,2019,90
392982,Marshall,Marshall,hk,2017,118
399170,Logan Lucky,Logan Lucky,us,2017,119
512895,Lady and the Tramp,Lady and the Tramp,us,2019,101
582873,Martin Eden,Martin Eden,fr,2019,129
758679,Mothers' Instinct,Mothers' Instinct,be,2024,94
726684,Miraculous World: Shanghai - The Legend of Ladydragon,"Miraculous World : Shanghai, la légende de Ladydragon",br,2021,54
535544,Downton Abbey,Downton Abbey,gb,2019,122
614409,To All the Boys: Always and Forever,To All the Boys: Always and Forever,us,2021,115
369972,First Man,First Man,us,2018,141
468202,The Girl in the Fog,La ragazza nella nebbia,fr,2017,128
542178,The French Dispatch,The French Dispatch,us,2021,108
435921,It’s the Law,L'ora legale,it,2017,88
618588,Arthur the King,Arthur the King,ca,2024,107
420426,Bleach,ブリーチ,jp,2018,108
484247,A Simple Favor,A Simple Favor,ca,2018,117
400617,Phantom Thread,Phantom Thread,us,2017,130
440472,The Upside,The Upside,us,2019,126
1312157,Somebody to Love,FolleMente,it,2025,97
569547,Black Mirror: Bandersnatch,Black Mirror: Bandersnatch,gb,2018,90
791177,Bones and All,Bones and All,it,2022,131
755812,"Miraculous World: New York, United HeroeZ","Miraculous World : New York, les héros unis",br,2020,61
656663,Jackass Forever,Jackass Forever,us,2022,96
575776,Saint Maud,Saint Maud,gb,2020,85
450489,Irreplaceable You,Irreplaceable You,us,2018,96
340270,The Healer,The Healer,ca,2017,113
407448,Detroit,Detroit,us,2017,143
420814,Christopher Robin,Christopher Robin,gb,2018,104
406994,Better Watch Out,Better Watch Out,us,2017,89
353070,Going in Style,Going in Style,us,2017,96
522212,Just Mercy,Just Mercy,us,2019,137
361292,Suspiria,Suspiria,it,2018,152
556678,Emma.,Emma.,gb,2020,125
995133,"The Boy, the Mole, the Fox and the Horse","The Boy, the Mole, the Fox and the Horse",gb,2022,35
440021,Happy Death Day,Happy Death Day,us,2017,97
932086,Horizon: An American Saga - Chapter 1,Horizon: An American Saga - Chapter 1,us,2024,182
591273,Fear Street: 1994,Fear Street: 1994,us,2021,108
425134,How to Be a Latin Lover,How to Be a Latin Lover,mx,2017,116
586461,Swallow,Swallow,us,2020,95
484468,The Wolf's Call,Le Chant du loup,fr,2019,116
437109,The Villainess,악녀,kr,2017,129
862965,Emily the Criminal,Emily the Criminal,us,2022,97
591274,Fear Street: 1978,Fear Street: 1978,us,2021,111
467956,The Professor,The Professor,us,2018,90
869626,Marcel the Shell with Shoes On,Marcel the Shell with Shoes On,us,2022,90
594718,Sputnik,Спутник,ru,2020,113
491283,Judy,Judy,gb,2019,118
489430,Terrified,Aterrados,ar,2018,88
398175,Brawl in Cell Block 99,Brawl in Cell Block 99,us,2017,132
961323,Nimona,Nimona,us,2023,101
482321,Ron's Gone Wrong,Ron's Gone Wrong,gb,2021,107
829280,Enola Holmes 2,Enola Holmes 2,us,2022,129
547565,The Night House,The Night House,gb,2021,107
339877,Loving Vincent,Loving Vincent,gb,2017,95
487558,BlacKkKlansman,BlacKkKlansman,us,2018,136
429473,Lou,Lou,us,2022,107
672741,Till Death,Till Death,fr,2021,89
727293,The Tender Bar,The Tender Bar,us,2021,104
601666,I Care a Lot,I Care a Lot,gb,2021,119
1008409,The Bikeriders,The Bikeriders,us,2024,116
623195,Falling Inn Love,Falling Inn Love,us,2019,98
848058,Piggy,Cerdita,fr,2022,99
722913,Malcolm & Marie,Malcolm & Marie,us,2021,106
755566,Day Shift,Day Shift,us,2022,113
401104,To the Bone,To the Bone,us,2017,107
422803,A Shaun the Sheep Movie: Farmageddon,A Shaun the Sheep Movie: Farmageddon,fr,2019,87
722149,Luther: The Fallen Sun,Luther: The Fallen Sun,gb,2023,129
534780,Andhadhun,अंधाधुन,in,2018,139
873126,My Name Is Vendetta,Il mio nome è vendetta,it,2022,90
467632,Bad Samaritan,Bad Samaritan,us,2018,111
943134,The Animal Kingdom,Le Règne animal,be,2023,127
440298,Cold War,Zimna wojna,pl,2018,88
1070514,Zom 100: Bucket List of the Dead,ゾン100～ゾンビになるまでにしたい100のこと～,jp,2023,129
505954,T-34,Т-34,ru,2018,139
509364,By the Grace of God,Grâce à Dieu,be,2019,137
736073,"Batman: The Long Halloween, Part One","Batman: The Long Halloween, Part One",us,2021,85
618344,Justice League Dark: Apokolips War,Justice League Dark: Apokolips War,us,2020,90
591538,The Tragedy of Macbeth,The Tragedy of Macbeth,us,2021,105
502425,Escape from Pretoria,Escape from Pretoria,au,2020,102
418879,The Current War,The Current War,ru,2018,108
656563,Rich in Love,Ricos de Amor,br,2020,104
420622,Professor Marston and the Wonder Women,Professor Marston and the Wonder Women,us,2017,108
522369,Sorry We Missed You,Sorry We Missed You,gb,2019,101
552095,PAW Patrol: Mighty Pups,PAW Patrol: Mighty Pups,ca,2018,44
474395,Teen Titans Go! To the Movies,Teen Titans Go! To the Movies,us,2018,84
413594,Sword Art Online: The Movie – Ordinal Scale,劇場版 ソードアート・オンライン -オーディナル・スケール-,jp,2017,119
475215,Mirai,未来のミライ,jp,2018,98
347866,Hot Summer Nights,Hot Summer Nights,us,2018,107
532067,KONOSUBA – God's blessing on this wonderful world! Legend of Crimson,映画 この素晴らしい世界に祝福を！紅伝説,jp,2019,90
618355,Superman: Red Son,Superman: Red Son,us,2020,84
529106,Major Grom: Plague Doctor,Майор Гром: Чумной Доктор,ru,2021,136
486947,The Guilty,Den skyldige,dk,2018,86
823482,Dream Scenario,Dream Scenario,us,2023,102
559907,The Green Knight,The Green Knight,ca,2021,130
491480,The Boy Who Harnessed the Wind,The Boy Who Harnessed the Wind,mw,2019,113
792293,Dumb Money,Dumb Money,us,2023,105
633515,The Forgotten Battle,De Slag om de Schelde,be,2020,126
489999,Searching,Searching,us,2018,102
433310,When We First Met,When We First Met,us,2018,97
598331,Rumble,Rumble,us,2021,95
524348,The Report,The Report,us,2019,119
499932,The Devil All the Time,The Devil All the Time,us,2020,138
449992,The Night Comes for Us,The Night Comes for Us,id,2018,121
476292,Maquia: When the Promised Flower Blooms,さよならの朝に約束の花をかざろう,jp,2018,115
595975,La Belle Époque,La Belle Époque,fr,2019,115
777245,Women Talking,Women Talking,us,2022,104
530723,Bad Education,Bad Education,us,2019,108
632322,All My Life,All My Life,cn,2020,93
614939,Bros,Bros,us,2022,115
682507,Where the Crawdads Sing,Where the Crawdads Sing,us,2022,126
465914,If Beale Street Could Talk,If Beale Street Could Talk,us,2018,120
426284,Blade of the Immortal,無限の住人,jp,2017,140
571891,Pokémon the Movie: Mewtwo Strikes Back - Evolution,ミュウツーの逆襲 EVOLUTION,jp,2019,98
656690,The Social Dilemma,The Social Dilemma,us,2020,94
500840,I'm Thinking of Ending Things,I'm Thinking of Ending Things,us,2020,135
336000,The Glass Castle,The Glass Castle,hk,2017,127
434616,Patients,Patients,fr,2017,110
551332,The Two Popes,The Two Popes,us,2019,125
489418,In Safe Hands,Pupille,be,2018,112
934761,A Perfect Pairing,A Perfect Pairing,au,2022,101
606954,I Hate Summer,Odio l'estate,it,2020,105
400650,Mary Poppins Returns,Mary Poppins Returns,us,2018,131
535292,21 Bridges,21 Bridges,us,2019,99
435577,The 12th Man,Den 12. mann,no,2017,136
396371,Molly's Game,Molly's Game,us,2017,140
474335,Uncle Drew,Uncle Drew,us,2018,103
515916,Girl,Girl,be,2018,105
544401,Cherry,Cherry,us,2021,142
438674,Dragged Across Concrete,Dragged Across Concrete,ca,2019,159
619297,Sweet Girl,Sweet Girl,us,2021,110
579047,Reminiscence,Reminiscence,us,2021,116
572154,Rascal Does Not Dream of a Dreaming Girl,青春ブタ野郎はゆめみる少女の夢を見ない,jp,2019,90
998846,Back to Black,Back to Black,gb,2024,122
744114,My Policeman,My Policeman,gb,2022,113
921452,Jeanne du Barry,Jeanne du Barry,be,2023,117
432087,Back to Burgundy,Ce qui nous lie,fr,2017,113
635744,Jarhead: Law of Return,Jarhead: Law of Return,us,2019,103
632617,C'mon C'mon,C'mon C'mon,us,2021,109
579583,The King of Staten Island,The King of Staten Island,us,2020,137
609242,The Heist of the Century,El robo del siglo,ar,2020,114
489988,Three Identical Strangers,Three Identical Strangers,gb,2018,97
549559,Apollo 11,Apollo 11,us,2019,93
760747,The Trip,I onde dager,no,2021,115
397837,Before I Fall,Before I Fall,us,2017,98
668461,Slumberland,Slumberland,us,2022,117
445629,Fighting with My Family,Fighting with My Family,gb,2019,108
741074,Once Upon a Snowman,Once Upon a Snowman,us,2020,7
894205,Werewolf by Night,Werewolf by Night,us,2022,55
429200,Good Time,Good Time,us,2017,102
615774,Scooby-Doo! Return to Zombie Island,Scooby-Doo! Return to Zombie Island,us,2019,80
599281,Fear of Rain,Fear of Rain,us,2021,109
449924,Ip Man 4: The Finale,葉問4,cn,2019,105
818750,The In Between,The In Between,us,2022,116
790142,The Royal Treatment,The Royal Treatment,us,2022,96
519035,Nappily Ever After,Nappily Ever After,us,2018,100
760883,Blood Red Sky,Blood Red Sky,de,2021,123
470229,Summer of 84,Summer of 84,ca,2018,106
423899,Victoria & Abdul,Victoria & Abdul,in,2017,112
401200,Kursk,Kursk,be,2018,118
659959,Summer of 85,Été 85,be,2020,101
1015606,Obi-Wan Kenobi: A Jedi's Return,Obi-Wan Kenobi: A Jedi's Return,us,2022,60
706503,Lost Bullet,Balle perdue,be,2020,92
353616,Pitch Perfect 3,Pitch Perfect 3,us,2017,93
426618,Where Hands Touch,Where Hands Touch,gb,2018,122
446354,The Post,The Post,us,2017,116
339380,On the Basis of Sex,On the Basis of Sex,us,2018,120
574436,Piranhas,La paranza dei bambini,it,2019,111
487242,Suicide Squad: Hell to Pay,Suicide Squad: Hell to Pay,us,2018,86
805327,Look Both Ways,Look Both Ways,us,2022,110
487670,The Death of Superman,The Death of Superman,us,2018,81
428836,Ophelia,Ophelia,gb,2019,114
527729,Asterix: The Secret of the Magic Potion,Astérix: Le Secret de la potion magique,fr,2018,85
653851,Devotion,Devotion,us,2022,139
405177,"Where'd You Go, Bernadette","Where'd You Go, Bernadette",us,2019,109
529485,The Way Back,The Way Back,us,2020,108
416477,The Big Sick,The Big Sick,us,2017,120
428449,A Ghost Story,A Ghost Story,us,2017,93
449176,"Love, Simon","Love, Simon",us,2018,110
587272,Father There Is Only One,Padre no hay más que uno,es,2019,96
420821,Chip 'n Dale: Rescue Rangers,Chip 'n Dale: Rescue Rangers,us,2022,99
660000,Lost Illusions,Illusions perdues,be,2021,149
1063879,Infested,Vermines,fr,2023,106
454467,Noelle,Noelle,us,2019,100
414425,Mudbound,Mudbound,us,2017,135
408647,Teen Titans: The Judas Contract,Teen Titans: The Judas Contract,us,2017,84
457799,"Extremely Wicked, Shockingly Evil and Vile","Extremely Wicked, Shockingly Evil and Vile",us,2019,111
363992,The Wizard of Lies,The Wizard of Lies,us,2017,133
408220,Justice League Dark,Justice League Dark,us,2017,76
489925,Eighth Grade,Eighth Grade,us,2018,94
852046,Athena,Athena,fr,2022,97
591275,Fear Street: 1666,Fear Street: 1666,us,2021,115
740996,BLACKPINK: Light Up the Sky,블랙핑크: 세상을 밝혀라,us,2020,79
839369,May December,May December,us,2023,117
586940,I Lost My Body,J'ai perdu mon corps,fr,2019,81
457136,Mary Queen of Scots,Mary Queen of Scots,gb,2018,124
641662,Pieces of a Woman,Pieces of a Woman,ca,2020,127
292011,Richard Jewell,Richard Jewell,us,2019,131
556901,Teen Titans Go! vs. Teen Titans,Teen Titans Go! vs. Teen Titans,us,2019,76
798286,Beau Is Afraid,Beau Is Afraid,us,2023,179
429174,Loveless,Нелюбовь,be,2017,122
407449,Lucky,Lucky,us,2017,88
505706,The Golden Glove,Der Goldene Handschuh,fr,2019,110
850165,The Iron Claw,The Iron Claw,gb,2023,132
581734,Nomadland,Nomadland,us,2021,108
392207,The Invisible Guardian,El guardián invisible,de,2017,129
487672,Reign of the Supermen,Reign of the Supermen,us,2019,87
428493,God's Own Country,God's Own Country,gb,2017,105
484482,Sink or Swim,Le Grand Bain,be,2018,122
596054,Heroic Losers,La odisea de los giles,ar,2019,116
676547,Prey for the Devil,Prey for the Devil,us,2022,93
505948,I Am Mother,I Am Mother,au,2019,114
736069,Justice Society: World War II,Justice Society: World War II,us,2021,84
474354,22 July,22 July,us,2018,143
615667,Ma Rainey's Black Bottom,Ma Rainey's Black Bottom,us,2020,94
426613,The Miseducation of Cameron Post,The Miseducation of Cameron Post,gb,2018,92
424781,Sorry to Bother You,Sorry to Bother You,us,2018,112
401246,The Square,The Square,dk,2017,151
411728,The Professor and the Madman,The Professor and the Madman,fr,2019,124
498248,Mia and the White Lion,Mia et le lion blanc,za,2018,98
466081,The Informer,The Informer,gb,2019,109
531876,The Outpost,The Outpost,us,2020,123
651881,Bye Bye Morons,Adieu les cons,fr,2020,87
606952,The Goddess of Fortune,La dea fortuna,it,2019,114
537061,Steven Universe: The Movie,Steven Universe: The Movie,us,2019,82
811592,One Shot,One Shot,gb,2021,97
426426,Roma,Roma,gb,2018,135
289222,The Zookeeper's Wife,The Zookeeper's Wife,cz,2017,126
537116,"tick, tick... BOOM!","tick, tick... BOOM!",us,2021,120
619778,Malignant,Malignant,us,2021,111
507505,El Angel,El Ángel,ar,2018,115
472674,The Goldfinch,The Goldfinch,us,2019,149
814757,Empire of Light,Empire of Light,gb,2022,115
581997,Batman vs Teenage Mutant Ninja Turtles,Batman vs Teenage Mutant Ninja Turtles,us,2019,87
491472,At Eternity's Gate,At Eternity's Gate,fr,2018,111
402897,The Death of Stalin,The Death of Stalin,be,2017,107
978870,Last Night of Amore,L'ultima notte di Amore,it,2023,124
429300,Adrift,Adrift,cn,2018,96
504562,Motherless Brooklyn,Motherless Brooklyn,us,2019,145
565179,The First King,Il primo re,be,2019,123
291984,The Death & Life of John F. Donovan,The Death & Life of John F. Donovan,ca,2019,123
1026227,There's Still Tomorrow,C'è ancora domani,it,2023,118
459992,Long Shot,Long Shot,us,2019,125
382614,The Book of Henry,The Book of Henry,us,2017,105
836009,Against the Ice,Against the Ice,dk,2022,101
416494,Status Update,Status Update,,2018,106
743601,American Murder: The Family Next Door,American Murder: The Family Next Door,us,2020,83
577242,Kaamelott: The First Chapter,Kaamelott - Premier volet,fr,2021,120
542830,Little White Lies 2,Nous finirons ensemble,be,2019,134
696374,Gabriel's Inferno,Gabriel's Inferno,us,2020,122
890980,God's Crooked Lines,Los renglones torcidos de Dios,es,2022,155
458534,Rolling to You,Tout le monde debout,be,2018,107
384677,Set It Up,Set It Up,us,2018,105
382748,Stargirl,Stargirl,us,2020,107
480001,The Art of Self-Defense,The Art of Self-Defense,us,2019,104
471707,Corpus Christi,Boże Ciało,fr,2019,116
587301,School Life,La Vie scolaire,fr,2019,111
365942,The Space Between Us,The Space Between Us,cn,2017,121
463257,The Peanut Butter Falcon,The Peanut Butter Falcon,us,2019,97
925102,The Night of the 12th,La Nuit du 12,be,2022,114
544510,"Cyrano, My Love",Edmond,be,2018,113
543580,They Shall Not Grow Old,They Shall Not Grow Old,gb,2018,99
689249,Money Heist: The Phenomenon,La Casa de Papel: el fenómeno,es,2020,57
401545,Everybody Knows,Todos lo saben,es,2018,132
401898,Thelma,Thelma,dk,2017,116
397538,Borg vs McEnroe,Borg vs McEnroe,fi,2017,108
1110358,Yannick,Yannick,fr,2023,67
440161,The Sisters Brothers,The Sisters Brothers,fr,2018,121
668742,Father There Is Only One 2,Padre no hay más que uno 2: la llegada de la suegra,es,2020,96
492452,Ben Is Back,Ben Is Back,us,2018,103
290512,The Mountain Between Us,The Mountain Between Us,us,2017,109
736769,They Cloned Tyrone,They Cloned Tyrone,us,2023,122
595671,Never Rarely Sometimes Always,Never Rarely Sometimes Always,gb,2020,101
297725,The Man Who Killed Don Quixote,The Man Who Killed Don Quixote,be,2018,133
371638,The Disaster Artist,The Disaster Artist,us,2017,104
455661,In a Heartbeat,In a Heartbeat,us,2017,4
467909,In the Heights,In the Heights,us,2021,143
443463,Leave No Trace,Leave No Trace,ca,2018,109
340027,Brain on Fire,Brain on Fire,ie,2017,88
418680,Goodbye Christopher Robin,Goodbye Christopher Robin,gb,2017,107
432068,C'est la vie!,Le Sens de la fête,fr,2017,115
413644,The Son of Bigfoot,The Son of Bigfoot,be,2017,92
621870,Secret Society of Second Born Royals,Secret Society of Second Born Royals,ca,2020,97
803700,The Eight Mountains,Le otto montagne,be,2022,147
425591,I Don't Feel at Home in This World Anymore,I Don't Feel at Home in This World Anymore,us,2017,96
660942,The Innocents,De uskyldige,dk,2021,117
471474,Batman: Gotham by Gaslight,Batman: Gotham by Gaslight,us,2018,78
607259,Fatherhood,Fatherhood,ca,2021,109
400579,Tully,Tully,ca,2018,95
508791,The Sun Is Also a Star,The Sun Is Also a Star,us,2019,100
423612,Never Look Away,Werk ohne Autor,de,2018,189
615904,Marry Me,Marry Me,cn,2022,112
423646,In the Fade,Aus dem Nichts,fr,2017,106
475132,A Private War,A Private War,gb,2018,106
558144,Deadpool: No Good Deed,Deadpool: No Good Deed,us,2017,4
950445,Return to Space,Return to Space,us,2022,128
538362,On My Skin,Sulla mia pelle,it,2018,100
622855,Jingle Jangle: A Christmas Journey,Jingle Jangle: A Christmas Journey,us,2020,122
513576,Always Be My Maybe,Always Be My Maybe,us,2019,102
445040,My Friend Dahmer,My Friend Dahmer,us,2017,107
398924,A Bag of Marbles,Un sac de billes,be,2017,113
406385,I Can Quit Whenever I Want 2: Masterclass,Smetto quando voglio - Masterclass,it,2017,113
928344,Weird: The Al Yankovic Story,Weird: The Al Yankovic Story,us,2022,108
590854,The Hater,Sala samobójców. Hejter,pl,2020,136
451480,The Guernsey Literary & Potato Peel Pie Society,The Guernsey Literary & Potato Peel Pie Society,gb,2018,124
682110,My Octopus Teacher,My Octopus Teacher,za,2020,85
503314,Dragon Ball Super: Broly,ドラゴンボール超 ブロリー,jp,2018,99
369192,Battle of the Sexes,Battle of the Sexes,gb,2017,121
483104,A Christmas Prince,A Christmas Prince,us,2017,92
661914,One Night in Miami...,One Night in Miami...,us,2020,114
446696,Life Itself,Life Itself,es,2018,118
722778,The Hand of God,È stata la mano di Dio,it,2021,130
413518,Pinocchio,Pinocchio,it,2019,124
407445,Breathe,Breathe,ch,2017,118
402529,All Eyez on Me,All Eyez on Me,us,2017,139
257785,Tulip Fever,Tulip Fever,gb,2017,107
554241,Playing with Fire,Playing with Fire,us,2019,96
424277,Annette,Annette,be,2021,140
799546,Luckiest Girl Alive,Luckiest Girl Alive,us,2022,113
435126,Perfect Strangers,Perfectos desconocidos,it,2017,101
439584,I Can Quit Whenever I Want 3: Ad Honorem,Smetto quando voglio - Ad honorem,it,2017,97
923632,The Tinder Swindler,The Tinder Swindler,gb,2022,114
651070,A Fall from Grace,A Fall from Grace,us,2020,120
450322,The Man Who Invented Christmas,The Man Who Invented Christmas,ie,2017,105
429191,A Fantastic Woman,Una mujer fantástica,cl,2017,104
430424,See You Up There,Au revoir là-haut,ca,2017,113
451657,Custody,Jusqu'à la garde,fr,2018,93
472424,Gaga: Five Foot Two,Gaga: Five Foot Two,us,2017,101
417812,Wildlife,Wildlife,us,2018,105
1000492,All Your Faces,Je verrai toujours vos visages,fr,2023,115
489931,American Animals,American Animals,gb,2018,117
465003,The Red Sea Diving Resort,The Red Sea Diving Resort,ca,2019,130
528949,The Photographer of Mauthausen,El fotógrafo de Mauthausen,hu,2018,111
571468,Freaks Out,Freaks Out,be,2021,141
667869,The Life Ahead,La vita davanti a sé,it,2020,94
453278,The Rider,The Rider,gb,2018,103
403300,A Hidden Life,A Hidden Life,de,2019,173
432616,Promise at Dawn,La Promesse de l'aube,be,2017,130
565310,The Farewell,The Farewell,cn,2019,100
426249,Lords of Chaos,Lords of Chaos,gb,2018,118
467936,The Children Act,The Children Act,gb,2018,105
401847,Can You Ever Forgive Me?,Can You Ever Forgive Me?,us,2018,106
724089,Gabriel's Inferno: Part II,Gabriel's Inferno: Part II,,2020,106
481432,Happy as Lazzaro,Lazzaro felice,fr,2018,128
566222,The Great Hack,The Great Hack,us,2019,114
507569,The Seven Deadly Sins: Prisoners of the Sky,劇場版 七つの大罪 天空の囚われ人,jp,2018,99
436343,On Body and Soul,Testről és lélekről,hu,2017,116
484751,Through the Fire,Sauver ou périr,fr,2018,116
1188150,Return,Return,,2023,61
